set,index,points,current,tiny11_DIRECT_NEW_WIRE,currentPlusTiny11_NEW_WIRE
prefix1,0,1,15,13,13
prefix2,0,2,19,18,18
prefix3,0,3,21,19,19
prefix5,0,5,26,24,24
prefix10,0,10,35,34,34
prefix1,1,1,15,14,14
prefix2,1,2,19,18,18
prefix3,1,3,22,20,20
prefix5,1,5,27,25,25
prefix10,1,10,38,36,36
prefix1,2,1,14,13,13
prefix2,2,2,18,17,17
prefix3,2,3,21,19,19
prefix5,2,5,24,23,23
prefix10,2,10,34,33,33
prefix1,3,1,15,13,13
prefix2,3,2,18,17,17
prefix3,3,3,21,19,19
prefix5,3,5,26,24,24
prefix10,3,10,37,35,35
prefix1,4,1,15,13,13
prefix2,4,2,18,17,17
prefix3,4,3,21,19,19
prefix5,4,5,24,23,23
prefix10,4,10,35,34,34
prefix1,5,1,14,13,13
prefix2,5,2,19,18,18
prefix3,5,3,22,20,20
prefix5,5,5,28,27,27
prefix10,5,10,39,38,38
prefix1,6,1,14,13,13
prefix2,6,2,18,17,17
prefix3,6,3,22,21,21
prefix5,6,5,26,24,24
prefix10,6,10,34,33,33
prefix1,7,1,14,13,13
prefix2,7,2,18,17,17
prefix3,7,3,21,19,19
prefix5,7,5,24,23,23
prefix10,7,10,33,32,32
prefix1,8,1,15,14,14
prefix2,8,2,19,18,18
prefix3,8,3,20,19,19
prefix5,8,5,27,25,25
prefix10,8,10,38,36,36
prefix1,9,1,14,13,13
prefix2,9,2,19,18,18
prefix3,9,3,21,19,19
prefix5,9,5,23,22,22
prefix10,9,10,32,30,30
prefix1,10,1,14,13,13
prefix2,10,2,19,18,18
prefix3,10,3,22,21,21
prefix5,10,5,28,27,27
prefix10,10,10,41,40,40
prefix1,11,1,14,13,13
prefix2,11,2,19,18,18
prefix3,11,3,22,20,20
prefix5,11,5,26,24,24
prefix10,11,10,37,35,35
prefix1,12,1,15,13,13
prefix2,12,2,19,18,18
prefix3,12,3,21,19,19
prefix5,12,5,25,24,24
prefix10,12,10,39,38,38
prefix1,13,1,15,13,13
prefix2,13,2,18,17,17
prefix3,13,3,21,19,19
prefix5,13,5,26,24,24
prefix10,13,10,37,35,35
prefix1,14,1,14,13,13
prefix2,14,2,19,18,18
prefix3,14,3,21,19,19
prefix5,14,5,26,24,24
prefix10,14,10,40,39,39
prefix1,15,1,14,13,13
prefix2,15,2,19,18,18
prefix3,15,3,22,21,21
prefix5,15,5,28,26,26
prefix10,15,10,39,38,38
prefix1,16,1,14,13,13
prefix2,16,2,18,17,17
prefix3,16,3,22,21,21
prefix5,16,5,26,24,24
prefix10,16,10,38,37,37
prefix1,17,1,15,13,13
prefix2,17,2,19,18,18
prefix3,17,3,21,19,19
prefix5,17,5,24,23,23
prefix10,17,10,33,32,32
prefix1,18,1,14,13,13
prefix2,18,2,19,18,18
prefix3,18,3,19,18,18
prefix5,18,5,24,23,23
prefix10,18,10,35,34,34
prefix1,19,1,14,13,13
prefix2,19,2,19,18,18
prefix3,19,3,22,21,21
prefix5,19,5,27,25,25
prefix10,19,10,48,47,47
prefix1,20,1,15,13,13
prefix2,20,2,19,18,18
prefix3,20,3,21,19,19
prefix5,20,5,26,24,24
prefix10,20,10,35,34,34
prefix1,21,1,14,13,13
prefix2,21,2,19,18,18
prefix3,21,3,22,20,20
prefix5,21,5,26,24,24
prefix10,21,10,34,33,33
full_tiny,22,16,58,56,56
prefix1,22,1,15,13,13
prefix2,22,2,19,18,18
prefix3,22,3,22,20,20
prefix5,22,5,27,25,25
prefix10,22,10,39,38,38
prefix1,23,1,14,13,13
prefix2,23,2,19,18,18
prefix3,23,3,23,22,22
prefix5,23,5,29,28,28
prefix10,23,10,43,41,41
prefix1,24,1,14,13,13
prefix2,24,2,18,17,17
prefix3,24,3,21,19,19
prefix5,24,5,26,24,24
prefix10,24,10,36,35,35
full_tiny,25,3,21,19,19
prefix1,25,1,14,13,13
prefix2,25,2,18,17,17
prefix3,25,3,21,19,19
full_tiny,26,15,39,38,38
prefix1,26,1,14,13,13
prefix2,26,2,18,17,17
prefix3,26,3,19,18,18
prefix5,26,5,22,21,21
prefix10,26,10,30,29,29
full_tiny,27,13,50,49,49
prefix1,27,1,16,15,15
prefix2,27,2,19,18,18
prefix3,27,3,22,21,21
prefix5,27,5,28,27,27
prefix10,27,10,40,39,39
prefix1,28,1,14,13,13
prefix2,28,2,18,17,17
prefix3,28,3,19,18,18
prefix5,28,5,26,24,24
prefix10,28,10,38,37,37
prefix1,29,1,14,13,13
prefix2,29,2,19,18,18
prefix3,29,3,23,22,22
prefix5,29,5,28,27,27
prefix10,29,10,44,43,43
prefix1,30,1,14,13,13
prefix2,30,2,19,18,18
prefix3,30,3,23,22,22
prefix5,30,5,28,27,27
prefix10,30,10,38,37,37
prefix1,31,1,14,13,13
prefix2,31,2,19,18,18
prefix3,31,3,23,22,22
prefix5,31,5,27,25,25
prefix10,31,10,38,37,37
prefix1,32,1,14,13,13
prefix2,32,2,19,18,18
prefix3,32,3,23,22,22
prefix5,32,5,27,25,25
prefix10,32,10,39,38,38
prefix1,33,1,14,13,13
prefix2,33,2,19,18,18
prefix3,33,3,21,19,19
prefix5,33,5,24,23,23
prefix10,33,10,34,33,33
prefix1,34,1,14,13,13
prefix2,34,2,19,18,18
prefix3,34,3,21,19,19
prefix5,34,5,26,24,24
prefix10,34,10,38,37,37
prefix1,35,1,14,13,13
prefix2,35,2,19,18,18
prefix3,35,3,21,19,19
prefix5,35,5,26,24,24
prefix10,35,10,38,37,37
prefix1,36,1,14,13,13
prefix2,36,2,19,18,18
prefix3,36,3,22,21,21
prefix5,36,5,27,26,26
prefix10,36,10,40,40,40
prefix1,37,1,14,13,13
prefix2,37,2,19,18,18
prefix3,37,3,22,21,21
prefix5,37,5,27,26,26
prefix10,37,10,40,39,39
full_tiny,38,15,53,51,51
prefix1,38,1,14,13,13
prefix2,38,2,19,18,18
prefix3,38,3,22,21,21
prefix5,38,5,28,27,27
prefix10,38,10,40,39,39
prefix1,39,1,14,13,13
prefix2,39,2,19,18,18
prefix3,39,3,22,21,21
prefix5,39,5,28,27,27
prefix10,39,10,40,39,39
prefix1,40,1,14,13,13
prefix2,40,2,19,18,18
prefix3,40,3,21,19,19
prefix5,40,5,26,24,24
prefix10,40,10,40,39,39
full_tiny,41,10,33,31,31
prefix1,41,1,15,13,13
prefix2,41,2,18,17,17
prefix3,41,3,21,19,19
prefix5,41,5,25,24,24
prefix10,41,10,33,31,31
full_tiny,42,8,28,27,27
prefix1,42,1,14,13,13
prefix2,42,2,19,18,18
prefix3,42,3,19,18,18
prefix5,42,5,23,22,22
full_tiny,43,6,25,24,24
prefix1,43,1,14,13,13
prefix2,43,2,19,18,18
prefix3,43,3,20,19,19
prefix5,43,5,24,23,23
prefix1,44,1,15,13,13
prefix2,44,2,18,17,17
prefix3,44,3,19,18,18
prefix5,44,5,22,21,21
prefix10,44,10,26,24,24
prefix1,45,1,14,13,13
prefix2,45,2,19,18,18
prefix3,45,3,19,18,18
prefix5,45,5,21,19,19
prefix10,45,10,23,22,22
prefix1,46,1,14,13,13
prefix2,46,2,19,18,18
prefix3,46,3,19,18,18
prefix5,46,5,21,19,19
prefix10,46,10,23,22,22
prefix1,47,1,16,14,14
prefix2,47,2,22,20,20
prefix3,47,3,26,24,24
prefix5,47,5,32,30,30
prefix10,47,10,50,49,49
prefix1,48,1,14,13,13
prefix2,48,2,19,18,18
prefix3,48,3,22,21,21
prefix5,48,5,29,28,28
prefix10,48,10,47,45,45
full_tiny,49,16,57,56,56
prefix1,49,1,16,14,14
prefix2,49,2,19,18,18
prefix3,49,3,22,21,21
prefix5,49,5,27,26,26
prefix10,49,10,42,40,40
prefix1,50,1,16,14,14
prefix2,50,2,21,19,19
prefix3,50,3,22,20,20
prefix5,50,5,28,26,26
prefix10,50,10,40,39,39
full_tiny,51,5,27,25,25
prefix1,51,1,16,14,14
prefix2,51,2,18,17,17
prefix3,51,3,22,20,20
prefix5,51,5,27,25,25
prefix1,52,1,14,13,13
prefix2,52,2,19,18,18
prefix3,52,3,23,22,22
prefix5,52,5,27,26,26
prefix10,52,10,39,38,38
prefix1,53,1,16,15,15
prefix2,53,2,19,18,18
prefix3,53,3,22,21,21
prefix5,53,5,24,23,23
prefix10,53,10,33,32,32
prefix1,54,1,14,14,14
prefix2,54,2,19,18,18
prefix3,54,3,21,19,19
prefix5,54,5,25,24,24
prefix10,54,10,33,32,32
prefix1,55,1,15,13,13
prefix2,55,2,19,18,18
prefix3,55,3,22,20,20
prefix5,55,5,27,25,25
prefix10,55,10,39,38,38
prefix1,56,1,14,13,13
prefix2,56,2,18,17,17
prefix3,56,3,22,20,20
prefix5,56,5,27,25,25
prefix10,56,10,39,38,38
full_tiny,57,4,23,22,22
prefix1,57,1,14,13,13
prefix2,57,2,19,18,18
prefix3,57,3,22,20,20
prefix1,58,1,14,13,13
prefix2,58,2,18,17,17
prefix3,58,3,21,19,19
prefix5,58,5,24,23,23
prefix10,58,10,35,34,34
prefix1,59,1,14,13,13
prefix2,59,2,19,18,18
prefix3,59,3,23,22,22
prefix5,59,5,27,26,26
prefix10,59,10,39,38,38
prefix1,60,1,14,13,13
prefix2,60,2,18,17,17
prefix3,60,3,22,21,21
prefix5,60,5,26,24,24
prefix10,60,10,34,33,33
prefix1,61,1,14,13,13
prefix2,61,2,19,18,18
prefix3,61,3,21,19,19
prefix5,61,5,26,24,24
prefix10,61,10,35,34,34
prefix1,62,1,14,13,13
prefix2,62,2,19,18,18
prefix3,62,3,21,19,19
prefix5,62,5,24,23,23
prefix10,62,10,33,31,31
prefix1,63,1,14,13,13
prefix2,63,2,19,18,18
prefix3,63,3,21,19,19
prefix5,63,5,24,23,23
prefix10,63,10,34,33,33
prefix1,64,1,14,13,13
prefix2,64,2,19,18,18
prefix3,64,3,21,19,19
prefix5,64,5,23,22,22
prefix10,64,10,38,36,36
prefix1,65,1,14,13,13
prefix2,65,2,18,17,17
prefix3,65,3,19,18,18
prefix5,65,5,22,21,21
prefix10,65,10,33,32,32
prefix1,66,1,14,13,13
prefix2,66,2,19,18,18
prefix3,66,3,21,19,19
prefix5,66,5,24,23,23
prefix10,66,10,35,34,34
prefix1,67,1,16,14,14
prefix2,67,2,21,19,19
prefix3,67,3,22,21,21
prefix5,67,5,26,24,24
prefix10,67,10,37,35,35
full_tiny,68,8,40,39,39
prefix1,68,1,14,13,13
prefix2,68,2,20,19,19
prefix3,68,3,24,23,23
prefix5,68,5,31,29,29
full_tiny,69,6,29,28,28
prefix1,69,1,16,14,14
prefix2,69,2,21,19,19
prefix3,69,3,23,22,22
prefix5,69,5,27,25,25
prefix1,70,1,15,13,13
prefix2,70,2,19,18,18
prefix3,70,3,22,20,20
prefix5,70,5,27,25,25
prefix10,70,10,39,38,38
prefix1,71,1,14,13,13
prefix2,71,2,21,19,19
prefix3,71,3,23,22,22
prefix5,71,5,28,27,27
prefix10,71,10,40,39,39
prefix1,72,1,15,13,13
prefix2,72,2,19,18,18
prefix3,72,3,21,19,19
prefix5,72,5,24,23,23
prefix10,72,10,34,33,33
prefix1,73,1,15,13,13
prefix2,73,2,21,19,19
prefix3,73,3,24,23,23
prefix5,73,5,30,29,29
prefix10,73,10,48,46,46
prefix1,74,1,15,13,13
prefix2,74,2,18,17,17
prefix3,74,3,21,19,19
prefix5,74,5,24,23,23
prefix10,74,10,35,34,34
prefix1,75,1,15,13,13
prefix2,75,2,19,18,18
prefix3,75,3,21,19,19
prefix5,75,5,24,23,23
prefix10,75,10,33,32,32
full_tiny,76,9,34,33,33
prefix1,76,1,16,14,14
prefix2,76,2,19,18,18
prefix3,76,3,22,20,20
prefix5,76,5,25,24,24
full_tiny,77,3,22,20,20
prefix1,77,1,14,13,13
prefix2,77,2,19,18,18
prefix3,77,3,22,20,20
full_tiny,78,5,27,25,25
prefix1,78,1,14,13,13
prefix2,78,2,19,18,18
prefix3,78,3,22,20,20
prefix5,78,5,27,25,25
prefix1,79,1,14,13,13
prefix2,79,2,19,18,18
prefix3,79,3,22,20,20
prefix5,79,5,25,24,24
prefix10,79,10,40,39,39
full_tiny,80,4,24,23,23
prefix1,80,1,15,13,13
prefix2,80,2,19,18,18
prefix3,80,3,22,21,21
prefix1,81,1,16,14,14
prefix2,81,2,21,19,19
prefix3,81,3,23,22,22
prefix5,81,5,28,27,27
prefix10,81,10,40,40,40
prefix1,82,1,15,13,13
prefix2,82,2,19,18,18
prefix3,82,3,22,21,21
prefix5,82,5,28,27,27
prefix10,82,10,40,39,39
prefix1,83,1,14,13,13
prefix2,83,2,18,17,17
prefix3,83,3,21,19,19
prefix5,83,5,26,24,24
prefix10,83,10,37,35,35
prefix1,84,1,15,13,13
prefix2,84,2,19,18,18
prefix3,84,3,21,19,19
prefix5,84,5,26,24,24
prefix10,84,10,34,33,33
full_tiny,85,5,28,26,26
prefix1,85,1,15,13,13
prefix2,85,2,19,18,18
prefix3,85,3,21,19,19
prefix5,85,5,28,26,26
prefix1,86,1,14,13,13
prefix2,86,2,18,17,17
prefix3,86,3,21,19,19
prefix5,86,5,25,24,24
prefix10,86,10,33,32,32
prefix1,87,1,16,14,14
prefix2,87,2,21,19,19
prefix3,87,3,22,21,21
prefix5,87,5,25,24,24
prefix10,87,10,40,39,39
prefix1,88,1,15,13,13
prefix2,88,2,18,17,17
prefix3,88,3,19,18,18
prefix5,88,5,23,22,22
prefix10,88,10,30,29,29
prefix1,89,1,15,13,13
prefix2,89,2,19,18,18
prefix3,89,3,22,21,21
prefix5,89,5,27,26,26
prefix10,89,10,40,39,39
prefix1,90,1,16,14,14
prefix2,90,2,21,19,19
prefix3,90,3,22,20,20
prefix5,90,5,26,24,24
prefix10,90,10,34,33,33
prefix1,91,1,16,14,14
prefix2,91,2,21,19,19
prefix3,91,3,22,20,20
prefix5,91,5,27,25,25
prefix10,91,10,37,35,35
prefix1,92,1,16,14,14
prefix2,92,2,21,19,19
prefix3,92,3,23,21,21
prefix5,92,5,27,25,25
prefix10,92,10,37,35,35
prefix1,93,1,14,13,13
prefix2,93,2,19,18,18
prefix3,93,3,21,19,19
prefix5,93,5,24,23,23
prefix10,93,10,34,33,33
full_tiny,94,5,27,25,25
prefix1,94,1,15,13,13
prefix2,94,2,19,18,18
prefix3,94,3,22,20,20
prefix5,94,5,27,25,25
full_tiny,95,5,27,25,25
prefix1,95,1,15,13,13
prefix2,95,2,19,18,18
prefix3,95,3,22,20,20
prefix5,95,5,27,25,25
prefix1,96,1,15,13,13
prefix2,96,2,19,18,18
prefix3,96,3,22,21,21
prefix5,96,5,27,26,26
prefix10,96,10,40,39,39
full_tiny,97,5,32,30,30
prefix1,97,1,16,14,14
prefix2,97,2,22,21,21
prefix3,97,3,26,24,24
prefix5,97,5,32,30,30
prefix1,98,1,16,14,14
prefix2,98,2,19,18,18
prefix3,98,3,22,21,21
prefix5,98,5,26,24,24
prefix10,98,10,37,35,35
prefix1,99,1,14,13,13
prefix2,99,2,19,18,18
prefix3,99,3,21,19,19
prefix5,99,5,25,24,24
prefix10,99,10,35,34,34
full_tiny,100,4,24,23,23
prefix1,100,1,16,15,15
prefix2,100,2,19,18,18
prefix3,100,3,22,21,21
prefix1,101,1,16,14,14
prefix2,101,2,19,18,18
prefix3,101,3,22,20,20
prefix5,101,5,26,24,24
prefix10,101,10,34,33,33
prefix1,102,1,14,13,13
prefix2,102,2,19,18,18
prefix3,102,3,19,18,18
prefix5,102,5,26,24,24
prefix10,102,10,38,37,37
prefix1,103,1,16,15,15
prefix2,103,2,21,19,19
prefix3,103,3,23,22,22
prefix5,103,5,28,27,27
prefix10,103,10,42,40,40
prefix1,104,1,14,13,13
prefix2,104,2,19,18,18
prefix3,104,3,21,19,19
prefix5,104,5,26,24,24
prefix10,104,10,38,37,37
prefix1,105,1,14,13,13
prefix2,105,2,19,18,18
prefix3,105,3,22,21,21
prefix5,105,5,25,24,24
prefix10,105,10,34,33,33
prefix1,106,1,14,13,13
prefix2,106,2,19,18,18
prefix3,106,3,21,19,19
prefix5,106,5,24,23,23
prefix10,106,10,34,33,33
prefix1,107,1,14,13,13
prefix2,107,2,19,18,18
prefix3,107,3,22,21,21
prefix5,107,5,27,25,25
prefix10,107,10,38,36,36
full_tiny,108,8,40,39,39
prefix1,108,1,16,14,14
prefix2,108,2,22,21,21
prefix3,108,3,24,23,23
prefix5,108,5,30,29,29
prefix1,109,1,14,13,13
prefix2,109,2,18,17,17
prefix3,109,3,21,19,19
prefix5,109,5,24,23,23
prefix10,109,10,34,33,33
prefix1,110,1,16,15,15
prefix2,110,2,21,19,19
prefix3,110,3,22,21,21
prefix5,110,5,27,26,26
prefix10,110,10,43,41,41
full_tiny,111,13,55,54,54
prefix1,111,1,14,13,13
prefix2,111,2,19,18,18
prefix3,111,3,23,22,22
prefix5,111,5,28,27,27
prefix10,111,10,46,44,44
full_tiny,112,16,66,65,65
prefix1,112,1,14,13,13
prefix2,112,2,19,18,18
prefix3,112,3,23,22,22
prefix5,112,5,29,28,28
prefix10,112,10,45,44,44
full_tiny,113,3,22,21,21
prefix1,113,1,16,14,14
prefix2,113,2,19,18,18
prefix3,113,3,22,21,21
prefix1,114,1,14,13,13
prefix2,114,2,19,18,18
prefix3,114,3,21,19,19
prefix5,114,5,26,24,24
prefix10,114,10,34,33,33
prefix1,115,1,14,13,13
prefix2,115,2,19,18,18
prefix3,115,3,22,21,21
prefix5,115,5,26,24,24
prefix10,115,10,43,41,41
prefix1,116,1,15,13,13
prefix2,116,2,18,17,17
prefix3,116,3,21,19,19
prefix5,116,5,26,24,24
prefix10,116,10,37,35,35
prefix1,117,1,14,13,13
prefix2,117,2,19,18,18
prefix3,117,3,22,21,21
prefix5,117,5,28,28,28
prefix10,117,10,39,38,38
prefix1,118,1,16,14,14
prefix2,118,2,19,18,18
prefix3,118,3,22,20,20
prefix5,118,5,27,25,25
prefix10,118,10,37,35,35
full_tiny,119,9,37,35,35
prefix1,119,1,14,13,13
prefix2,119,2,18,17,17
prefix3,119,3,22,21,21
prefix5,119,5,27,26,26
prefix1,120,1,14,13,13
prefix2,120,2,19,18,18
prefix3,120,3,22,20,20
prefix5,120,5,26,24,24
prefix10,120,10,38,36,36
prefix1,121,1,14,13,13
prefix2,121,2,21,19,19
prefix3,121,3,24,23,23
prefix5,121,5,32,30,30
prefix10,121,10,49,48,48
full_tiny,122,8,38,37,37
prefix1,122,1,14,13,13
prefix2,122,2,19,18,18
prefix3,122,3,22,21,21
prefix5,122,5,29,28,28
prefix1,123,1,14,13,13
prefix2,123,2,19,18,18
prefix3,123,3,21,19,19
prefix5,123,5,28,27,27
prefix10,123,10,40,39,39
prefix1,124,1,16,14,14
prefix2,124,2,21,19,19
prefix3,124,3,23,22,22
prefix5,124,5,29,28,28
prefix10,124,10,44,43,43
prefix1,125,1,14,13,13
prefix2,125,2,19,18,18
prefix3,125,3,22,21,21
prefix5,125,5,26,24,24
prefix10,125,10,39,38,38
prefix1,126,1,14,13,13
prefix2,126,2,19,18,18
prefix3,126,3,22,21,21
prefix5,126,5,24,23,23
prefix10,126,10,35,34,34
full_tiny,127,16,60,58,58
prefix1,127,1,14,13,13
prefix2,127,2,20,18,18
prefix3,127,3,22,21,21
prefix5,127,5,27,26,26
prefix10,127,10,43,42,42
full_tiny,128,10,39,38,38
prefix1,128,1,16,14,14
prefix2,128,2,21,19,19
prefix3,128,3,23,21,21
prefix5,128,5,28,26,26
prefix10,128,10,39,38,38
full_tiny,129,8,37,35,35
prefix1,129,1,16,14,14
prefix2,129,2,21,19,19
prefix3,129,3,23,22,22
prefix5,129,5,28,27,27
prefix1,130,1,14,13,13
prefix2,130,2,19,18,18
prefix3,130,3,22,21,21
prefix5,130,5,27,26,26
prefix10,130,10,41,39,39
prefix1,131,1,15,13,13
prefix2,131,2,19,18,18
prefix3,131,3,21,19,19
prefix5,131,5,23,22,22
prefix10,131,10,34,33,33
prefix1,132,1,16,14,14
prefix2,132,2,19,18,18
prefix3,132,3,21,19,19
prefix5,132,5,23,22,22
prefix10,132,10,32,31,31
prefix1,133,1,14,13,13
prefix2,133,2,19,18,18
prefix3,133,3,21,19,19
prefix5,133,5,24,23,23
prefix10,133,10,33,32,32
prefix1,134,1,14,13,13
prefix2,134,2,19,18,18
prefix3,134,3,23,22,22
prefix5,134,5,31,29,29
prefix10,134,10,46,45,45
full_tiny,135,8,35,34,34
prefix1,135,1,16,14,14
prefix2,135,2,21,19,19
prefix3,135,3,23,22,22
prefix5,135,5,28,26,26
prefix1,136,1,15,13,13
prefix2,136,2,18,17,17
prefix3,136,3,19,18,18
prefix5,136,5,24,23,23
prefix10,136,10,33,32,32
prefix1,137,1,14,13,13
prefix2,137,2,18,17,17
prefix3,137,3,21,19,19
prefix5,137,5,27,26,26
prefix10,137,10,39,38,38
full_tiny,138,14,61,60,60
prefix1,138,1,15,13,13
prefix2,138,2,19,18,18
prefix3,138,3,23,22,22
prefix5,138,5,31,29,29
prefix10,138,10,49,48,48
prefix1,139,1,14,13,13
prefix2,139,2,18,17,17
prefix3,139,3,22,21,21
prefix5,139,5,26,24,24
prefix10,139,10,39,38,38
prefix1,140,1,16,14,14
prefix2,140,2,20,19,19
prefix3,140,3,22,20,20
prefix5,140,5,27,25,25
prefix10,140,10,35,34,34
prefix1,141,1,14,13,13
prefix2,141,2,19,18,18
prefix3,141,3,22,20,20
prefix5,141,5,24,23,23
prefix10,141,10,35,34,34
prefix1,142,1,15,13,13
prefix2,142,2,18,17,17
prefix3,142,3,21,19,19
prefix5,142,5,26,24,24
prefix10,142,10,35,34,34
prefix1,143,1,15,13,13
prefix2,143,2,19,18,18
prefix3,143,3,21,19,19
prefix5,143,5,26,24,24
prefix10,143,10,35,34,34
full_tiny,144,3,21,19,19
prefix1,144,1,14,13,13
prefix2,144,2,19,18,18
prefix3,144,3,21,19,19
full_tiny,145,5,29,28,28
prefix1,145,1,15,13,13
prefix2,145,2,19,18,18
prefix3,145,3,23,22,22
prefix5,145,5,29,28,28
prefix1,146,1,14,13,13
prefix2,146,2,19,18,18
prefix3,146,3,21,19,19
prefix5,146,5,24,23,23
prefix10,146,10,35,34,34
prefix1,147,1,16,14,14
prefix2,147,2,21,19,19
prefix3,147,3,23,22,22
prefix5,147,5,28,27,27
prefix10,147,10,40,39,39
prefix1,148,1,15,13,13
prefix2,148,2,19,18,18
prefix3,148,3,21,19,19
prefix5,148,5,24,23,23
prefix10,148,10,34,33,33
prefix1,149,1,14,14,14
prefix2,149,2,19,18,18
prefix3,149,3,21,19,19
prefix5,149,5,24,23,23
prefix10,149,10,33,32,32
prefix1,150,1,16,14,14
prefix2,150,2,19,18,18
prefix3,150,3,22,20,20
prefix5,150,5,27,25,25
prefix10,150,10,36,35,35
prefix1,151,1,15,13,13
prefix2,151,2,19,18,18
prefix3,151,3,22,21,21
prefix5,151,5,27,25,25
prefix10,151,10,40,39,39
prefix1,152,1,16,14,14
prefix2,152,2,21,19,19
prefix3,152,3,22,20,20
prefix5,152,5,27,25,25
prefix10,152,10,40,39,39
prefix1,153,1,15,13,13
prefix2,153,2,19,18,18
prefix3,153,3,23,22,22
prefix5,153,5,29,28,28
prefix10,153,10,45,44,44
prefix1,154,1,15,13,13
prefix2,154,2,18,17,17
prefix3,154,3,21,19,19
prefix5,154,5,24,23,23
prefix10,154,10,35,34,34
prefix1,155,1,14,13,13
prefix2,155,2,19,18,18
prefix3,155,3,21,19,19
prefix5,155,5,24,23,23
prefix10,155,10,34,33,33
full_tiny,156,13,49,48,48
prefix1,156,1,15,15,15
prefix2,156,2,19,18,18
prefix3,156,3,22,21,21
prefix5,156,5,27,26,26
prefix10,156,10,40,39,39
prefix1,157,1,14,13,13
prefix2,157,2,19,18,18
prefix3,157,3,21,19,19
prefix5,157,5,24,23,23
prefix10,157,10,33,32,32
prefix1,158,1,14,13,13
prefix2,158,2,21,19,19
prefix3,158,3,24,23,23
prefix5,158,5,33,32,32
prefix10,158,10,50,49,49
full_tiny,159,3,22,21,21
prefix1,159,1,14,13,13
prefix2,159,2,19,18,18
prefix3,159,3,22,21,21
prefix1,160,1,14,13,13
prefix2,160,2,19,18,18
prefix3,160,3,22,21,21
prefix5,160,5,27,26,26
prefix10,160,10,42,40,40
prefix1,161,1,16,14,14
prefix2,161,2,21,19,19
prefix3,161,3,22,21,21
prefix5,161,5,28,27,27
prefix10,161,10,40,39,39
prefix1,162,1,16,14,14
prefix2,162,2,19,18,18
prefix3,162,3,20,19,19
prefix5,162,5,28,27,27
prefix10,162,10,40,38,38
prefix1,163,1,14,13,13
prefix2,163,2,18,17,17
prefix3,163,3,19,18,18
prefix5,163,5,25,24,24
prefix10,163,10,37,35,35
full_tiny,164,14,49,48,48
prefix1,164,1,14,13,13
prefix2,164,2,19,18,18
prefix3,164,3,21,19,19
prefix5,164,5,27,26,26
prefix10,164,10,39,38,38
prefix1,165,1,15,13,13
prefix2,165,2,19,18,18
prefix3,165,3,23,22,22
prefix5,165,5,29,28,28
prefix10,165,10,44,43,43
prefix1,166,1,16,14,14
prefix2,166,2,21,19,19
prefix3,166,3,23,22,22
prefix5,166,5,27,25,25
prefix10,166,10,40,39,39
prefix1,167,1,14,13,13
prefix2,167,2,19,18,18
prefix3,167,3,22,21,21
prefix5,167,5,27,26,26
prefix10,167,10,39,38,38
prefix1,168,1,14,13,13
prefix2,168,2,19,18,18
prefix3,168,3,21,19,19
prefix5,168,5,24,23,23
prefix10,168,10,33,32,32
prefix1,169,1,15,13,13
prefix2,169,2,19,18,18
prefix3,169,3,23,22,22
prefix5,169,5,27,25,25
prefix10,169,10,39,38,38
prefix1,170,1,15,13,13
prefix2,170,2,19,18,18
prefix3,170,3,21,19,19
prefix5,170,5,23,22,22
prefix10,170,10,35,34,34
prefix1,171,1,14,13,13
prefix2,171,2,21,19,19
prefix3,171,3,23,22,22
prefix5,171,5,30,29,29
prefix10,171,10,47,45,45
prefix1,172,1,14,13,13
prefix2,172,2,19,18,18
prefix3,172,3,23,22,22
prefix5,172,5,29,28,28
prefix10,172,10,45,44,44
full_tiny,173,8,43,41,41
prefix1,173,1,14,13,13
prefix2,173,2,19,18,18
prefix3,173,3,23,22,22
prefix5,173,5,31,29,29
prefix1,174,1,16,15,15
prefix2,174,2,18,17,17
prefix3,174,3,22,21,21
prefix5,174,5,27,26,26
prefix10,174,10,37,35,35
prefix1,175,1,14,13,13
prefix2,175,2,19,18,18
prefix3,175,3,21,19,19
prefix5,175,5,24,23,23
prefix10,175,10,33,32,32
prefix1,176,1,16,15,15
prefix2,176,2,21,19,19
prefix3,176,3,23,22,22
prefix5,176,5,28,27,27
prefix10,176,10,42,40,40
full_tiny,177,12,61,60,60
prefix1,177,1,16,14,14
prefix2,177,2,23,22,22
prefix3,177,3,27,26,26
prefix5,177,5,35,34,34
prefix10,177,10,54,53,53
full_tiny,178,7,42,40,40
prefix1,178,1,16,15,15
prefix2,178,2,22,21,21
prefix3,178,3,26,24,24
prefix5,178,5,34,33,33
full_tiny,179,11,42,40,40
prefix1,179,1,14,13,13
prefix2,179,2,19,18,18
prefix3,179,3,21,19,19
prefix5,179,5,23,22,22
prefix10,179,10,34,33,33
prefix1,180,1,15,13,13
prefix2,180,2,19,18,18
prefix3,180,3,24,23,23
prefix5,180,5,33,32,32
prefix10,180,10,50,49,49
prefix1,181,1,14,13,13
prefix2,181,2,20,19,19
prefix3,181,3,24,23,23
prefix5,181,5,31,30,30
prefix10,181,10,50,49,49
prefix1,182,1,15,13,13
prefix2,182,2,21,19,19
prefix3,182,3,24,23,23
prefix5,182,5,33,32,32
prefix10,182,10,50,49,49
prefix1,183,1,14,13,13
prefix2,183,2,19,18,18
prefix3,183,3,21,19,19
prefix5,183,5,27,26,26
prefix10,183,10,39,38,38
prefix1,184,1,15,13,13
prefix2,184,2,18,17,17
prefix3,184,3,21,19,19
prefix5,184,5,24,23,23
prefix10,184,10,35,34,34
prefix1,185,1,14,13,13
prefix2,185,2,19,18,18
prefix3,185,3,21,19,19
prefix5,185,5,24,23,23
prefix10,185,10,33,32,32
prefix1,186,1,16,14,14
prefix2,186,2,21,19,19
prefix3,186,3,24,23,23
prefix5,186,5,29,28,28
prefix10,186,10,40,39,39
prefix1,187,1,14,13,13
prefix2,187,2,19,18,18
prefix3,187,3,21,19,19
prefix5,187,5,26,24,24
prefix10,187,10,34,33,33
prefix1,188,1,14,13,13
prefix2,188,2,19,18,18
prefix3,188,3,22,21,21
prefix5,188,5,27,26,26
prefix10,188,10,40,39,39
prefix1,189,1,14,13,13
prefix2,189,2,19,18,18
prefix3,189,3,22,20,20
prefix5,189,5,25,24,24
prefix10,189,10,34,33,33
prefix1,190,1,16,14,14
prefix2,190,2,21,19,19
prefix3,190,3,23,22,22
prefix5,190,5,27,26,26
prefix10,190,10,38,37,37
prefix1,191,1,15,13,13
prefix2,191,2,19,18,18
prefix3,191,3,21,19,19
prefix5,191,5,26,24,24
prefix10,191,10,34,33,33
prefix1,192,1,15,13,13
prefix2,192,2,19,18,18
prefix3,192,3,21,19,19
prefix5,192,5,24,23,23
prefix10,192,10,33,32,32
prefix1,193,1,16,14,14
prefix2,193,2,21,19,19
prefix3,193,3,22,21,21
prefix5,193,5,27,26,26
prefix10,193,10,38,37,37
prefix1,194,1,15,13,13
prefix2,194,2,19,18,18
prefix3,194,3,21,19,19
prefix5,194,5,24,23,23
prefix10,194,10,32,30,30
prefix1,195,1,14,13,13
prefix2,195,2,19,18,18
prefix3,195,3,21,19,19
prefix5,195,5,24,23,23
prefix10,195,10,33,32,32
prefix1,196,1,15,13,13
prefix2,196,2,19,18,18
prefix3,196,3,21,19,19
prefix5,196,5,26,24,24
prefix10,196,10,34,33,33
prefix1,197,1,14,13,13
prefix2,197,2,19,18,18
prefix3,197,3,21,19,19
prefix5,197,5,26,24,24
prefix10,197,10,34,33,33
prefix1,198,1,14,13,13
prefix2,198,2,19,18,18
prefix3,198,3,21,19,19
prefix5,198,5,26,24,24
prefix10,198,10,35,34,34
prefix1,199,1,14,13,13
prefix2,199,2,19,18,18
prefix3,199,3,21,19,19
prefix5,199,5,23,22,22
prefix10,199,10,33,32,32
prefix1,200,1,14,13,13
prefix2,200,2,19,18,18
prefix3,200,3,21,19,19
prefix5,200,5,24,23,23
prefix10,200,10,33,32,32
prefix1,201,1,14,13,13
prefix2,201,2,19,18,18
prefix3,201,3,21,19,19
prefix5,201,5,24,23,23
prefix10,201,10,34,33,33
prefix1,202,1,14,13,13
prefix2,202,2,19,18,18
prefix3,202,3,21,19,19
prefix5,202,5,24,23,23
prefix10,202,10,34,33,33
prefix1,203,1,16,14,14
prefix2,203,2,19,18,18
prefix3,203,3,22,21,21
prefix5,203,5,27,25,25
prefix10,203,10,37,35,35
prefix1,204,1,14,13,13
prefix2,204,2,19,18,18
prefix3,204,3,21,19,19
prefix5,204,5,24,23,23
prefix10,204,10,35,34,34
prefix1,205,1,15,13,13
prefix2,205,2,19,18,18
prefix3,205,3,22,21,21
prefix5,205,5,26,24,24
prefix10,205,10,35,34,34
prefix1,206,1,14,13,13
prefix2,206,2,19,18,18
prefix3,206,3,21,19,19
prefix5,206,5,24,23,23
prefix10,206,10,33,32,32
prefix1,207,1,14,13,13
prefix2,207,2,18,17,17
prefix3,207,3,22,21,21
prefix5,207,5,26,24,24
prefix10,207,10,37,35,35
prefix1,208,1,16,14,14
prefix2,208,2,21,19,19
prefix3,208,3,22,20,20
prefix5,208,5,24,23,23
prefix10,208,10,34,33,33
prefix1,209,1,16,14,14
prefix2,209,2,20,19,19
prefix3,209,3,22,21,21
prefix5,209,5,27,26,26
prefix10,209,10,35,34,34
prefix1,210,1,14,13,13
prefix2,210,2,19,18,18
prefix3,210,3,21,19,19
prefix5,210,5,26,24,24
prefix10,210,10,33,32,32
prefix1,211,1,16,14,14
prefix2,211,2,21,19,19
prefix3,211,3,23,22,22
prefix5,211,5,28,27,27
prefix10,211,10,40,39,39
prefix1,212,1,14,13,13
prefix2,212,2,19,18,18
prefix3,212,3,21,19,19
prefix5,212,5,24,23,23
prefix10,212,10,34,33,33
prefix1,213,1,14,13,13
prefix2,213,2,19,18,18
prefix3,213,3,21,19,19
prefix5,213,5,24,23,23
prefix10,213,10,33,32,32
prefix1,214,1,14,13,13
prefix2,214,2,18,17,17
prefix3,214,3,21,19,19
prefix5,214,5,24,23,23
prefix10,214,10,37,35,35
prefix1,215,1,15,13,13
prefix2,215,2,18,17,17
prefix3,215,3,22,20,20
prefix5,215,5,26,24,24
prefix10,215,10,37,35,35
prefix1,216,1,14,13,13
prefix2,216,2,19,18,18
prefix3,216,3,23,22,22
prefix5,216,5,29,28,28
prefix10,216,10,45,44,44
prefix1,217,1,14,13,13
prefix2,217,2,19,18,18
prefix3,217,3,21,19,19
prefix5,217,5,24,23,23
prefix10,217,10,37,35,35
prefix1,218,1,14,13,13
prefix2,218,2,18,17,17
prefix3,218,3,21,19,19
prefix5,218,5,24,23,23
prefix10,218,10,33,32,32
prefix1,219,1,16,14,14
prefix2,219,2,21,19,19
prefix3,219,3,22,20,20
prefix5,219,5,28,26,26
prefix10,219,10,39,38,38
prefix1,220,1,16,14,14
prefix2,220,2,22,20,20
prefix3,220,3,24,23,23
prefix5,220,5,30,29,29
prefix10,220,10,48,46,46
prefix1,221,1,16,14,14
prefix2,221,2,20,19,19
prefix3,221,3,23,22,22
prefix5,221,5,27,26,26
prefix10,221,10,39,38,38
prefix1,222,1,16,15,15
prefix2,222,2,21,19,19
prefix3,222,3,23,22,22
prefix5,222,5,28,27,27
prefix10,222,10,41,40,40
prefix1,223,1,14,13,13
prefix2,223,2,19,18,18
prefix3,223,3,22,21,21
prefix5,223,5,26,24,24
prefix10,223,10,39,38,38
prefix1,224,1,14,13,13
prefix2,224,2,19,18,18
prefix3,224,3,22,21,21
prefix5,224,5,26,24,24
prefix10,224,10,40,39,39
prefix1,225,1,15,13,13
prefix2,225,2,19,18,18
prefix3,225,3,21,19,19
prefix5,225,5,26,24,24
prefix10,225,10,34,33,33
prefix1,226,1,16,14,14
prefix2,226,2,19,18,18
prefix3,226,3,23,21,21
prefix5,226,5,27,25,25
prefix10,226,10,38,36,36
prefix1,227,1,14,13,13
prefix2,227,2,19,18,18
prefix3,227,3,22,20,20
prefix5,227,5,26,25,25
prefix10,227,10,38,36,36
prefix1,228,1,16,14,14
prefix2,228,2,21,19,19
prefix3,228,3,22,21,21
prefix5,228,5,27,26,26
prefix10,228,10,37,35,35
prefix1,229,1,16,14,14
prefix2,229,2,21,19,19
prefix3,229,3,22,20,20
prefix5,229,5,27,25,25
prefix10,229,10,39,38,38
prefix1,230,1,16,14,14
prefix2,230,2,21,19,19
prefix3,230,3,22,21,21
prefix5,230,5,27,26,26
prefix10,230,10,36,35,35
prefix1,231,1,16,14,14
prefix2,231,2,21,19,19
prefix3,231,3,22,21,21
prefix5,231,5,26,24,24
prefix10,231,10,36,35,35
prefix1,232,1,16,14,14
prefix2,232,2,21,19,19
prefix3,232,3,23,21,21
prefix5,232,5,28,26,26
prefix10,232,10,40,39,39
prefix1,233,1,16,14,14
prefix2,233,2,21,19,19
prefix3,233,3,23,22,22
prefix5,233,5,28,27,27
prefix10,233,10,40,39,39
prefix1,234,1,14,13,13
prefix2,234,2,19,18,18
prefix3,234,3,22,21,21
prefix5,234,5,27,26,26
prefix10,234,10,38,37,37
prefix1,235,1,16,14,14
prefix2,235,2,21,19,19
prefix3,235,3,22,21,21
prefix5,235,5,27,26,26
prefix10,235,10,37,35,35
prefix1,236,1,14,13,13
prefix2,236,2,21,19,19
prefix3,236,3,25,24,24
prefix5,236,5,32,30,30
prefix10,236,10,49,48,48
full_tiny,237,13,46,45,45
prefix1,237,1,16,14,14
prefix2,237,2,21,19,19
prefix3,237,3,23,22,22
prefix5,237,5,28,27,27
prefix10,237,10,40,39,39
full_tiny,238,11,49,48,48
prefix1,238,1,16,14,14
prefix2,238,2,21,19,19
prefix3,238,3,23,22,22
prefix5,238,5,30,29,29
prefix10,238,10,46,45,45
prefix1,239,1,16,14,14
prefix2,239,2,20,19,19
prefix3,239,3,22,20,20
prefix5,239,5,27,25,25
prefix10,239,10,36,35,35
prefix1,240,1,14,13,13
prefix2,240,2,19,18,18
prefix3,240,3,22,20,20
prefix5,240,5,27,25,25
prefix10,240,10,39,38,38
prefix1,241,1,16,14,14
prefix2,241,2,21,19,19
prefix3,241,3,23,22,22
prefix5,241,5,27,25,25
prefix10,241,10,39,37,37
prefix1,242,1,15,13,13
prefix2,242,2,18,17,17
prefix3,242,3,21,19,19
prefix5,242,5,26,24,24
prefix10,242,10,35,34,34
prefix1,243,1,14,13,13
prefix2,243,2,19,18,18
prefix3,243,3,22,20,20
prefix5,243,5,25,24,24
prefix10,243,10,39,38,38
prefix1,244,1,14,13,13
prefix2,244,2,19,18,18
prefix3,244,3,22,21,21
prefix5,244,5,26,24,24
prefix10,244,10,38,36,36
full_tiny,245,6,34,33,33
prefix1,245,1,16,14,14
prefix2,245,2,21,19,19
prefix3,245,3,24,23,23
prefix5,245,5,32,30,30
full_tiny,246,14,63,61,61
prefix1,246,1,15,13,13
prefix2,246,2,20,19,19
prefix3,246,3,26,24,24
prefix5,246,5,33,32,32
prefix10,246,10,49,48,48
prefix1,247,1,16,15,15
prefix2,247,2,21,19,19
prefix3,247,3,23,22,22
prefix5,247,5,28,27,27
prefix10,247,10,41,40,40
prefix1,248,1,16,14,14
prefix2,248,2,20,19,19
prefix3,248,3,22,21,21
prefix5,248,5,27,26,26
prefix10,248,10,35,34,34
prefix1,249,1,14,13,13
prefix2,249,2,19,18,18
prefix3,249,3,22,21,21
prefix5,249,5,27,25,25
prefix10,249,10,38,37,37
prefix1,250,1,16,14,14
prefix2,250,2,21,19,19
prefix3,250,3,22,21,21
prefix5,250,5,27,26,26
prefix10,250,10,39,38,38
full_tiny,251,11,48,46,46
prefix1,251,1,16,14,14
prefix2,251,2,22,21,21
prefix3,251,3,24,23,23
prefix5,251,5,31,29,29
prefix10,251,10,45,44,44
prefix1,252,1,16,14,14
prefix2,252,2,21,19,19
prefix3,252,3,22,21,21
prefix5,252,5,28,27,27
prefix10,252,10,40,39,39
prefix1,253,1,16,15,15
prefix2,253,2,20,19,19
prefix3,253,3,22,21,21
prefix5,253,5,27,26,26
prefix10,253,10,40,39,39
prefix1,254,1,16,14,14
prefix2,254,2,21,19,19
prefix3,254,3,23,22,22
prefix5,254,5,28,27,27
prefix10,254,10,40,39,39
prefix1,255,1,16,15,15
prefix2,255,2,19,18,18
prefix3,255,3,22,21,21
prefix5,255,5,28,27,27
prefix10,255,10,38,37,37
prefix1,256,1,14,13,13
prefix2,256,2,19,18,18
prefix3,256,3,21,19,19
prefix5,256,5,27,25,25
prefix10,256,10,39,38,38
prefix1,257,1,14,13,13
prefix2,257,2,18,17,17
prefix3,257,3,19,18,18
prefix5,257,5,24,23,23
prefix10,257,10,35,34,34
prefix1,258,1,16,14,14
prefix2,258,2,19,18,18
prefix3,258,3,23,22,22
prefix5,258,5,27,25,25
prefix10,258,10,36,35,35
prefix1,259,1,14,13,13
prefix2,259,2,18,17,17
prefix3,259,3,21,19,19
prefix5,259,5,24,23,23
prefix10,259,10,35,34,34
prefix1,260,1,16,14,14
prefix2,260,2,21,19,19
prefix3,260,3,24,23,23
prefix5,260,5,30,29,29
prefix10,260,10,47,45,45
prefix1,261,1,16,14,14
prefix2,261,2,21,19,19
prefix3,261,3,24,23,23
prefix5,261,5,30,29,29
prefix10,261,10,47,45,45
full_tiny,262,11,54,52,52
prefix1,262,1,14,13,13
prefix2,262,2,21,19,19
prefix3,262,3,23,22,22
prefix5,262,5,32,30,30
prefix10,262,10,50,49,49
prefix1,263,1,16,14,14
prefix2,263,2,21,19,19
prefix3,263,3,23,21,21
prefix5,263,5,29,28,28
prefix10,263,10,45,44,44
prefix1,264,1,16,14,14
prefix2,264,2,21,19,19
prefix3,264,3,23,21,21
prefix5,264,5,29,28,28
prefix10,264,10,45,44,44
prefix1,265,1,16,14,14
prefix2,265,2,21,19,19
prefix3,265,3,23,21,21
prefix5,265,5,29,28,28
prefix10,265,10,45,44,44
prefix1,266,1,15,13,13
prefix2,266,2,21,19,19
prefix3,266,3,23,22,22
prefix5,266,5,29,28,28
prefix10,266,10,45,44,44
prefix1,267,1,14,13,13
prefix2,267,2,18,17,17
prefix3,267,3,21,19,19
prefix5,267,5,26,24,24
prefix10,267,10,37,35,35
full_tiny,268,11,48,46,46
prefix1,268,1,16,14,14
prefix2,268,2,21,19,19
prefix3,268,3,23,22,22
prefix5,268,5,30,29,29
prefix10,268,10,45,44,44
prefix1,269,1,15,13,13
prefix2,269,2,19,18,18
prefix3,269,3,24,23,23
prefix5,269,5,32,30,30
prefix10,269,10,49,48,48
prefix1,270,1,16,14,14
prefix2,270,2,21,19,19
prefix3,270,3,24,23,23
prefix5,270,5,30,29,29
prefix10,270,10,46,45,45
prefix1,271,1,16,14,14
prefix2,271,2,21,19,19
prefix3,271,3,24,23,23
prefix5,271,5,30,29,29
prefix10,271,10,46,45,45
full_tiny,272,3,22,21,21
prefix1,272,1,15,13,13
prefix2,272,2,19,18,18
prefix3,272,3,22,21,21
prefix1,273,1,16,14,14
prefix2,273,2,19,18,18
prefix3,273,3,22,21,21
prefix5,273,5,29,28,28
prefix10,273,10,42,40,40
prefix1,274,1,15,13,13
prefix2,274,2,18,17,17
prefix3,274,3,22,21,21
prefix5,274,5,28,27,27
prefix10,274,10,42,40,40
prefix1,275,1,15,13,13
prefix2,275,2,19,18,18
prefix3,275,3,22,21,21
prefix5,275,5,27,26,26
prefix10,275,10,41,40,40
full_tiny,276,13,49,48,48
prefix1,276,1,15,13,13
prefix2,276,2,19,18,18
prefix3,276,3,22,21,21
prefix5,276,5,27,26,26
prefix10,276,10,40,39,39
prefix1,277,1,14,13,13
prefix2,277,2,19,18,18
prefix3,277,3,22,20,20
prefix5,277,5,27,25,25
prefix10,277,10,39,38,38
full_tiny,278,11,46,45,45
prefix1,278,1,16,14,14
prefix2,278,2,21,19,19
prefix3,278,3,23,22,22
prefix5,278,5,29,28,28
prefix10,278,10,43,41,41
prefix1,279,1,14,13,13
prefix2,279,2,19,18,18
prefix3,279,3,22,20,20
prefix5,279,5,28,27,27
prefix10,279,10,42,40,40
full_tiny,280,11,48,46,46
prefix1,280,1,14,13,13
prefix2,280,2,19,18,18
prefix3,280,3,23,22,22
prefix5,280,5,28,26,26
prefix10,280,10,44,42,42
prefix1,281,1,14,13,13
prefix2,281,2,18,17,17
prefix3,281,3,21,19,19
prefix5,281,5,27,25,25
prefix10,281,10,42,40,40
full_tiny,282,11,48,46,46
prefix1,282,1,14,13,13
prefix2,282,2,19,18,18
prefix3,282,3,23,21,21
prefix5,282,5,28,26,26
prefix10,282,10,45,44,44
full_tiny,283,11,48,46,46
prefix1,283,1,14,13,13
prefix2,283,2,19,18,18
prefix3,283,3,23,22,22
prefix5,283,5,28,27,27
prefix10,283,10,45,44,44
prefix1,284,1,16,14,14
prefix2,284,2,21,19,19
prefix3,284,3,23,22,22
prefix5,284,5,29,28,28
prefix10,284,10,43,42,42
prefix1,285,1,16,14,14
prefix2,285,2,21,19,19
prefix3,285,3,23,22,22
prefix5,285,5,29,28,28
prefix10,285,10,43,42,42
full_tiny,286,7,39,38,38
prefix1,286,1,16,14,14
prefix2,286,2,22,21,21
prefix3,286,3,25,25,25
prefix5,286,5,33,32,32
full_tiny,287,7,38,37,37
prefix1,287,1,15,14,14
prefix2,287,2,20,19,19
prefix3,287,3,24,23,23
prefix5,287,5,31,30,30
full_tiny,288,14,60,59,59
prefix1,288,1,16,14,14
prefix2,288,2,21,19,19
prefix3,288,3,24,23,23
prefix5,288,5,29,28,28
prefix10,288,10,45,44,44
prefix1,289,1,14,13,13
prefix2,289,2,19,18,18
prefix3,289,3,22,20,20
prefix5,289,5,28,26,26
prefix10,289,10,40,39,39
prefix1,290,1,14,13,13
prefix2,290,2,19,18,18
prefix3,290,3,22,20,20
prefix5,290,5,28,26,26
prefix10,290,10,41,40,40
prefix1,291,1,14,13,13
prefix2,291,2,21,19,19
prefix3,291,3,23,22,22
prefix5,291,5,28,27,27
prefix10,291,10,45,44,44
prefix1,292,1,14,13,13
prefix2,292,2,19,18,18
prefix3,292,3,22,20,20
prefix5,292,5,27,25,25
prefix10,292,10,42,40,40
full_tiny,293,13,50,49,49
prefix1,293,1,16,14,14
prefix2,293,2,21,19,19
prefix3,293,3,23,22,22
prefix5,293,5,29,28,28
prefix10,293,10,42,40,40
prefix1,294,1,15,13,13
prefix2,294,2,19,18,18
prefix3,294,3,22,20,20
prefix5,294,5,27,25,25
prefix10,294,10,40,39,39
prefix1,295,1,14,13,13
prefix2,295,2,19,18,18
prefix3,295,3,23,22,22
prefix5,295,5,28,27,27
prefix10,295,10,50,48,48
prefix1,296,1,14,13,13
prefix2,296,2,19,18,18
prefix3,296,3,22,21,21
prefix5,296,5,27,26,26
prefix10,296,10,39,38,38
prefix1,297,1,15,13,13
prefix2,297,2,19,18,18
prefix3,297,3,22,21,21
prefix5,297,5,27,26,26
prefix10,297,10,39,38,38
prefix1,298,1,15,13,13
prefix2,298,2,19,18,18
prefix3,298,3,22,20,20
prefix5,298,5,26,24,24
prefix10,298,10,40,39,39
prefix1,299,1,14,13,13
prefix2,299,2,19,18,18
prefix3,299,3,23,22,22
prefix5,299,5,28,27,27
prefix10,299,10,50,48,48
prefix1,300,1,14,13,13
prefix2,300,2,19,18,18
prefix3,300,3,22,21,21
prefix5,300,5,28,27,27
prefix10,300,10,43,41,41
prefix1,301,1,15,13,13
prefix2,301,2,19,18,18
prefix3,301,3,23,22,22
prefix5,301,5,30,29,29
prefix10,301,10,44,42,42
